la_code,rows,size_bytes,sha256,source_digest,parser_versions
BDG,585064,5809348,66cc91d9cf41ff882c39449dfbe50c459ad002084d858664cd091bdfa784e3e6,7ed385b0220c4f51935025bf930e2bd6f45387f2095392f99884b652765aa714,1.4
BEN,434100,4059593,d547713284700def7d0614ec8cb51e382279c6e37ee375beb6a2f4d4d0f09f88,4b537b186920590e651cc0e1ccd3d6d03e4756d064bf1025e69c940cd6033607,1.4
BEX,1009320,11916574,3a6bd3cbd68287345f9acd791d183855c9d5a15630b6c71c93d0cd1074437776,41fc041a671e176e24495b6ba38c336f60a0bcc1cafc05a8fcda882bd0b0a254,1.4
BNE,1970307,17971205,d8a7aa0efca70a5ed107cac60b99e918a150f9adc2e8870fbc3e278d13260b01,28ed13bcf17ac3c2a0ba3e570d4e8382cb4e68cba6b56d912dd620ecaf343fd2,1.4
BRY,245982,2732261,01ea44b753c5fb40f6b9a1159a3d12c651af9f25a9f00039b6e0eb6f246328fb,a7e8d53e10a65848d7c434e3f39eeafb12645efa71b453cd70ab2c5eaed59565,1.4
EAL,1366138,15253480,eeea3b123b9c15bb854fb06241200d8931fad0d994e1c24f9abd50ade031e797,39c27c7cc862e786dbf5616b43779c5f744ba02ed01f6c24d72d6515f141c18b,1.4
HAV,1123869,9605288,49bad946b3f3c69c416cdc85fb56444ae1e95bcf31537122cdea32b3c6d50d23,b7881f2e309d69e9d77ae3959bffb371449a42be96a3397bfdbba39276794232,1.4
HCK,1018127,11466802,5d9de35f75b87fa5383ef4fe9349deacac9abc0afd8dce974bd3f097a215521f,9b03e7701b7ad5c153eb10ad72f9d9e5636928205bb759aebc4e784cf67f32d3,1.4
HIL,780132,5693241,0ef3e91dec3667666822c1ffd29fdc7089ef6e508fe9ae8b8b8ba96179a261eb,cae2bccee9b7019aefcd9e220a75841232f0b37adcc473eedab6c3d3b78829a0,1.4
HNS,509713,6491133,a63b9e7e771614a8b070b95d9553796361f67652ca091e410d47155180aa41cb,7b648db95738507d10d6b42ca807a7fd9b8e27a6edb882749eeb18bac73eb2db,1.4
LEW,917039,5981135,70debf938182abe733ed6683d504b3f745b402c083b9495e4c408d4fb1ba32c1,7670771e7d8aaf46630281d5a8c08f177e6f60af685793995324e6fe4f5423af,1.4
LND,85360,857231,7059f0cfd8dddcd8c11eaedfdc3541da95130c125e944dfe18ff47e5937ac1be,5b04a0203c9ead07fba405d341bbcbcef1d08a70eeec1a30fd91de0172ac3bd2,1.4
MRT,708281,9049579,4ae909f28792262a2380d1cd5fa0677d3d5446f034679dd99dcd970386313151,1a94a0b98101665bfb1859750b86cce37af3fc4d66599237c969cc4f3819bd66,1.4
NWM,2441128,13121152,b9404afd5ce38a1bfb4fec56570cecfe71f56e2b1672153bff293a342b762e0a,472e7d191d24aaed6bf7affde7d4ed9f8525f51fe99e60bf3272c2a61551ec40,1.4
RDB,2581312,29395458,1b26c10877dfa7173c99aa937c00f1e1bfc3a3e1dc47c069a7726722c4410b22,39531fb6e7bb3bb4df77033f6e630f4498abc6e8a1492ea573a5cb48619f0eb2,1.4
RIC,202774,1095936,bf2bc592b77dbb71e368641982c4e01f23e96df1ce19191dc3cd7164eafd9871,58493c4779da0320f7d17b918b1cdeda46dde91941ebf2b4bef377e3e0f428d0,1.4
STN,440623,5153064,a89d1dbde6491aeaab5b8d4ba949d1b4d710ca20d743b8a1ea14d43462fd4110,a09b50cd0bb458417b3d8d597aeba2e7f3077c9254ec1a33ddb6c91267516baf,1.4
SWK,1463191,16926767,ce54400a36f6434eb2142414ec3152167d87942dd4d691af55beba81c1e22413,2dffc56eba47339f972065a9bf4016792cc85b4bebc91acc71e59b3a13906a0a,1.4
WSM,413294,3472681,a5346f54757247b3b742b4e576f29d73005b461e63225f4c3fe1a99d70071f68,22befa76d55ef3bac7c77792d6a1a2ffbf5df6fa9de161e9871681682fbba28d,1.4
